[{
  "workflow": {
    "id": 10001,
    "rev": 0,
    "name": "My First Workflow",
    "desc": "A simple three state flow",
    "start": "1 / 1 / 2001 13: 00",
    "end": "",
    "lastupdate": "",
    "iteration": 0,
    "percentcomplete": 15,
    "status": "Creating",
    "state": {
      "id": 100,
      "name": "Start"
    },
    "visibility": "public",
    "type": "Simple",
    "owner": {
      "id": 3001,
      "name": "John Doe",
      "email": "john.doe@mail.com"
    },
    "states": [{
        "id": 100,
        "rev": 0,
        "iteration": 0,
        "percentcomplete": 50,
        "start": "1 / 1 / 2001 13: 00",
        "end": "",
        "actualhours": 2,
        "plannedhours": 4,
        "name": "Start",
        "desc": "first state",
        "schedule": "S1",
        "cost": "C2",
        "quality": "Q3",
        "required": "Y",
        "status": "Active",
        "participants": [{
          "id": 3001,
          "name": "John Doe",
          "email": "john.doe@mail.com",
          "permission": "write",
          "currentuser": "Y"
        }],
        "entrycondition": [],
        "actions": [{
          "name": "save",
          "action": "save()"
        }, {
          "name": "delete",
          "action": "delete()"
        }, {
          "name": "open",
          "action": "open()"
        }],
        "exitcondition": [{
          "condition": {
            "status": "open"
          },
          "nextstate": 101
        }, {
          "condition": {
            "status": "delete"
          },
          "nextstate": 102
        }],
        "form": {
          "id": 100,
          "name": "Record"
        }

      }, {
        "id": 101,
        "rev": 0,
        "iteration": 0,
        "percentcomplete": 0,
        "start": "",
        "end": "",
        "actualhours": 0,
        "plannedhours": 40,
        "name": "WIP",
        "desc": "Work In Progress",
        "schedule": "S2",
        "cost": "C3",
        "quality": "Q4",
        "required": "Y",
        "status": "Inactive",
        "participants": [{
          "id": 3002,
          "name": "Max Powers",
          "email": "max.powers@mail.com",
          "permission": "write"
        }],
        "entrycondition": [{
          "condition": {
            "assignee": "not null",
            "status": "open"
          }
        }],
        "actions": [{
          "name": "save",
          "action": "save()"
        }, {
          "name": "complete",
          "action": "complete()"
        }, {
          "name": "return",
          "action": "return()"
        }],
        "exitcondition": [{
          "condition": {
            "status": "return"
          },
          "nextstate": 100
        }, {
          "condition": {
            "status": "complete"
          },
          "nextstate": 102
        }],
        "form": {
          "id": 100,
          "name": "Record"
        }

      }, {
        "id": 102,
        "rev": 0,
        "iteration": 0,
        "percentcomplete": 0,
        "start": "",
        "end": "",
        "actualhours": 0,
        "plannedhours": 0,
        "name": "Archive",
        "desc": "Final State",
        "schedule": "S3",
        "cost": "C4",
        "quality": "Q1",
        "required": "Y",
        "status": "Inactive",
        "participants": [],
        "entrycondition": [],
        "actions": [],
        "exitcondition": [],
        "form": {
          "id": 100,
          "name": "Record"
        }

      }, {
        "id": 105,
        "rev": 0,
        "iteration": 0,
        "percentcomplete": 0,
        "start": "",
        "end": "",
        "actualhours": 0,
        "plannedhours": 0,
        "name": "Work Stage",
        "desc": "Testing reader",
        "schedule": "S4",
        "cost": "C3",
        "quality": "Q2",
        "required": "Y",
        "status": "Inactive",
        "participants": [],
        "entrycondition": [],
        "actions": [],
        "exitcondition": [],
        "form": {
          "id": 100,
          "name": "Record"
        }
      },
      {
        "id": 110,
        "rev": 0,
        "iteration": 0,
        "percentcomplete": 0,
        "start": "",
        "end": "",
        "actualhours": 0,
        "plannedhours": 0,
        "name": "Widget dev",
        "desc": "Testing reader",
        "schedule": "S4",
        "cost": "C3",
        "quality": "Q4",
        "required": "Y",
        "status": "Inactive",
        "participants": [],
        "entrycondition": [],
        "actions": [],
        "exitcondition": [],
        "form": {
          "id": 100,
          "name": "Record"
        }
      }, {
        "id": 113,
        "rev": 0,
        "iteration": 0,
        "percentcomplete": 0,
        "start": "",
        "end": "",
        "actualhours": 0,
        "plannedhours": 0,
        "name": "Required",
        "desc": "Testing reader",
        "schedule": "S4",
        "cost": "C3",
        "quality": "Q2",
        "required": "Y",
        "status": "Inactive",
        "participants": [],
        "entrycondition": [],
        "actions": [],
        "exitcondition": [],
        "form": {
          "id": 100,
          "name": "Record"
        }
      }, {
        "id": 115,
        "rev": 0,
        "iteration": 0,
        "percentcomplete": 0,
        "start": "",
        "end": "",
        "actualhours": 0,
        "plannedhours": 0,
        "name": "Objectives",
        "desc": "Testing reader",
        "schedule": "S4",
        "cost": "C3",
        "quality": "Q4",
        "required": "Y",
        "status": "Inactive",
        "participants": [],
        "entrycondition": [],
        "actions": [],
        "exitcondition": [],
        "form": {
          "id": 100,
          "name": "Record"
        }
      }, {
        "id": 117,
        "rev": 0,
        "iteration": 0,
        "percentcomplete": 0,
        "start": "",
        "end": "",
        "actualhours": 0,
        "plannedhours": 0,
        "name": "Random",
        "desc": "Testing reader",
        "schedule": "S1",
        "cost": "C3",
        "quality": "Q2",
        "required": "Y",
        "status": "Inactive",
        "participants": [],
        "entrycondition": [],
        "actions": [],
        "exitcondition": [],
        "form": {
          "id": 100,
          "name": "Record"
        }
      }, {
        "id": 118,
        "rev": 0,
        "iteration": 0,
        "percentcomplete": 0,
        "start": "",
        "end": "",
        "actualhours": 0,
        "plannedhours": 0,
        "name": "State 118",
        "desc": "Testing reader",
        "schedule": "S1",
        "cost": "C1",
        "quality": "Q1",
        "required": "Y",
        "status": "Inactive",
        "participants": [],
        "entrycondition": [],
        "actions": [],
        "exitcondition": [],
        "form": {
          "id": 100,
          "name": "Record"
        }
      }, {
        "id": 119,
        "rev": 0,
        "iteration": 0,
        "percentcomplete": 0,
        "start": "",
        "end": "",
        "actualhours": 0,
        "plannedhours": 0,
        "name": "119",
        "desc": "Testing reader",
        "schedule": "S1",
        "cost": "C2",
        "quality": "Q2",
        "required": "Y",
        "status": "Inactive",
        "participants": [],
        "entrycondition": [],
        "actions": [],
        "exitcondition": [],
        "form": {
          "id": 100,
          "name": "Record"
        }
      }, {
        "id": 120,
        "rev": 0,
        "iteration": 0,
        "percentcomplete": 0,
        "start": "",
        "end": "",
        "actualhours": 0,
        "plannedhours": 0,
        "name": "120",
        "desc": "Long child test",
        "schedule": "S1",
        "cost": "C4",
        "quality": "Q3",
        "required": "N",
        "status": "Inactive",
        "participants": [],
        "entrycondition": [],
        "actions": [],
        "exitcondition": [],
        "form": {
          "id": 100,
          "name": "Record"
        }
      },{
        "id": 121,
        "rev": 0,
        "iteration": 0,
        "percentcomplete": 0,
        "start": "",
        "end": "",
        "actualhours": 0,
        "plannedhours": 0,
        "name": "Final Test",
        "desc": "Testing reader",
        "schedule": "S4",
        "cost": "C3",
        "quality": "Q4",
        "required": "Y",
        "status": "Inactive",
        "participants": [],
        "entrycondition": [],
        "actions": [],
        "exitcondition": [],
        "form": {
          "id": 100,
          "name": "Record"
        }
      }, {
        "id": 125,
        "rev": 0,
        "iteration": 0,
        "percentcomplete": 0,
        "start": "",
        "end": "",
        "actualhours": 0,
        "plannedhours": 0,
        "name": "Still testing",
        "desc": "Testing reader",
        "schedule": "S1",
        "cost": "C3",
        "quality": "Q4",
        "required": "Y",
        "status": "Inactive",
        "participants": [],
        "entrycondition": [],
        "actions": [],
        "exitcondition": [],
        "form": {
          "id": 100,
          "name": "Record"
        }
      }, {
        "id": 127,
        "rev": 0,
        "iteration": 0,
        "percentcomplete": 0,
        "start": "",
        "end": "",
        "actualhours": 0,
        "plannedhours": 0,
        "name": "Random",
        "desc": "Testing reader",
        "schedule": "S4",
        "cost": "C3",
        "quality": "Q2",
        "required": "Y",
        "status": "Inactive",
        "participants": [],
        "entrycondition": [],
        "actions": [],
        "exitcondition": [],
        "form": {
          "id": 100,
          "name": "Record"
        }
      }, {
        "id": 130,
        "rev": 0,
        "iteration": 0,
        "percentcomplete": 0,
        "start": "",
        "end": "",
        "actualhours": 0,
        "plannedhours": 0,
        "name": "Interview",
        "desc": "Gather customer info",
        "schedule": "S2",
        "cost": "C3",
        "quality": "Q4",
        "required": "Y",
        "status": "Inactive",
        "participants": [],
        "entrycondition": [],
        "actions": [],
        "exitcondition": [],
        "form": {
          "id": 100,
          "name": "Record"
        }
      }, {
        "id": 135,
        "rev": 0,
        "iteration": 0,
        "percentcomplete": 0,
        "start": "",
        "end": "",
        "actualhours": 0,
        "plannedhours": 0,
        "name": "App Dev",
        "desc": "Develop application",
        "schedule": "S2",
        "cost": "C3",
        "quality": "Q2",
        "required": "Y",
        "status": "Inactive",
        "participants": [],
        "entrycondition": [],
        "actions": [],
        "exitcondition": [],
        "form": {
          "id": 100,
          "name": "Record"
        }
      }, {
        "id": 140,
        "rev": 0,
        "iteration": 0,
        "percentcomplete": 0,
        "start": "",
        "end": "",
        "actualhours": 0,
        "plannedhours": 0,
        "name": "Dev",
        "desc": "Function development",
        "schedule": "S2",
        "cost": "C3",
        "quality": "Q4",
        "required": "Y",
        "status": "Inactive",
        "participants": [],
        "entrycondition": [],
        "actions": [],
        "exitcondition": [],
        "form": {
          "id": 100,
          "name": "Record"
        }
      },
      {
        "id": 143,
        "rev": 0,
        "iteration": 0,
        "percentcomplete": 0,
        "start": "",
        "end": "",
        "actualhours": 0,
        "plannedhours": 0,
        "name": "Testing",
        "desc": "Testing reader",
        "schedule": "S1",
        "cost": "C3",
        "quality": "Q2",
        "required": "Y",
        "status": "Inactive",
        "participants": [],
        "entrycondition": [],
        "actions": [],
        "exitcondition": [],
        "form": {
          "id": 100,
          "name": "Record"
        }
      }, {
        "id": 150,
        "rev": 0,
        "iteration": 0,
        "percentcomplete": 0,
        "start": "",
        "end": "",
        "actualhours": 0,
        "plannedhours": 0,
        "name": "Functioning",
        "desc": "Testing reader",
        "schedule": "S4",
        "cost": "C3",
        "quality": "Q1",
        "required": "Y",
        "status": "Inactive",
        "participants": [],
        "entrycondition": [],
        "actions": [],
        "exitcondition": [],
        "form": {
          "id": 100,
          "name": "Record"
        }
      }, {
        "id": 155,
        "rev": 0,
        "iteration": 0,
        "percentcomplete": 0,
        "start": "",
        "end": "",
        "actualhours": 0,
        "plannedhours": 0,
        "name": "Unit Test",
        "desc": "Testing reader",
        "schedule": "S2",
        "cost": "C2",
        "quality": "Q2",
        "required": "Y",
        "status": "Inactive",
        "participants": [],
        "entrycondition": [],
        "actions": [],
        "exitcondition": [],
        "form": {
          "id": 100,
          "name": "Record"
        }
      }, {
        "id": 165,
        "rev": 0,
        "iteration": 0,
        "percentcomplete": 0,
        "start": "",
        "end": "",
        "actualhours": 0,
        "plannedhours": 0,
        "name": "Random",
        "desc": "Testing reader",
        "schedule": "S4",
        "cost": "C2",
        "quality": "Q3",
        "required": "Y",
        "status": "Inactive",
        "participants": [],
        "entrycondition": [],
        "actions": [],
        "exitcondition": [],
        "form": {
          "id": 100,
          "name": "Record"
        }
      }, {
        "id": 175,
        "rev": 0,
        "iteration": 0,
        "percentcomplete": 0,
        "start": "",
        "end": "",
        "actualhours": 0,
        "plannedhours": 0,
        "name": "Random",
        "desc": "Testing",
        "schedule": "S1",
        "cost": "C1",
        "quality": "Q1",
        "required": "Y",
        "status": "Inactive",
        "participants": [],
        "entrycondition": [],
        "actions": [],
        "exitcondition": [],
        "form": {
          "id": 100,
          "name": "Record"
        }
      }
    ]
  }
}]
