[{
    "workflow": {
            "id": 10001,
            "rev": 0,
            "name": "My First Workflow",
            "desc": "A simple three state flow",
            "start": "1 / 1 / 2001 13: 00",
            "end": "",
            "lastupdate": "",
            "iteration": 0,
            "percentcomplete": 15,
            "status": "Creating",
            "state": {
                "id": 100,
                "name": "Start"
            },
            "visibility": "public",
            "type": "Simple",
            "owner": {
                "id": 3001,
                "name": "John Doe",
                "email": "john.doe@mail.com"
            },
        "states": [{
            "id": 100,
            "rev": 0,
            "iteration": 0,
            "percentcomplete": 50,
            "start": "1 / 1 / 2001 13: 00",
            "end": "",
            "actualhours": 2,
            "plannedhours": 4,
            "name": "Start",
            "desc": "first state",
            "schedule": "S1",
            "cost": "C2",
            "quality": "Q3",
            "required": "Y",
            "status": "Active",
            "participants": [{
                "id": 3001,
                "name": "John Doe",
                "email": "john.doe@mail.com",
                "permission": "write",
                "currentuser": "Y"
            }],
            "entrycondition": [],
            "actions": [{
                "name": "save",
                "action": "save()"
            }, {
                "name": "delete",
                "action": "delete()"
            }, {
                "name": "open",
                "action": "open()"
            }],
            "exitcondition": [{
                "condition": {
                    "status": "open"
                },
                "nextstate": 101
            }, {
                "condition": {
                    "status": "delete"
                },
                "nextstate": 102
            }],
            "form": {
                "id": 100,
                "name": "Record"
            }

        }, {
            "id": 101,
            "rev": 0,
            "iteration": 0,
            "percentcomplete": 0,
            "start": "",
            "end": "",
            "actualhours": 0,
            "plannedhours": 40,
            "name": "WIP",
            "desc": "Work In Progress",
            "schedule": "S2",
            "cost": "C3",
            "quality": "Q4",
            "required": "Y",
            "status": "Inactive",
            "participants": [{
                "id": 3002,
                "name": "Max Powers",
                "email": "max.powers@mail.com",
                "permission": "write"
            }],
            "entrycondition": [{
                "condition": {
                    "assignee": "not null",
                    "status": "open"
                }
            }],
            "actions": [{
                "name": "save",
                "action": "save()"
            }, {
                "name": "complete",
                "action": "complete()"
            }, {
                "name": "return",
                "action": "return()"
            }],
            "exitcondition": [{
                "condition": {
                    "status": "return"
                },
                "nextstate": 100
            }, {
                "condition": {
                    "status": "complete"
                },
                "nextstate": 102
            }],
            "form": {
                "id": 100,
                "name": "Record"
            }

        }, {
            "id": 102,
            "rev": 0,
            "iteration": 0,
            "percentcomplete": 0,
            "start": "",
            "end": "",
            "actualhours": 0,
            "plannedhours": 0,
            "name": "Archive",
            "desc": "Final State",
            "schedule": "S3",
            "cost": "C4",
            "quality": "Q1",
            "required": "Y",
            "status": "Inactive",
            "participants": [],
            "entrycondition": [],
            "actions": [],
            "exitcondition": [],
            "form": {
                "id": 100,
                "name": "Record"
            }

        }, {
          "id": 104,
          "rev": 0,
          "iteration": 0,
          "percentcomplete": 0,
          "start": "",
          "end": "",
          "actualhours": 0,
          "plannedhours": 0,
          "name": "Random",
          "desc": "Testing reader",
          "schedule": "S4",
          "cost": "C3",
          "quality": "Q2",
          "required": "Y",
          "status": "Inactive",
          "participants": [],
          "entrycondition": [],
          "actions": [],
          "exitcondition": [],
          "form": {
            "id": 100,
            "name": "Record"
          }
        }]
    }
}]
